{
	"question": 
	"Entre os tipos de arquiteturas RISC e CISC, qual delas é mais difícil de se implementar o pipeline:",
	"option1": "RISC devido aos poucos formatos de instruções",
	"option2": "CISC devido a demanda de um número grande de ciclos em sua execução",
	"option3": "RISC devido a demanda de um número grande de ciclos em sua execução",
	"option4": "CISC devido aos poucos modos de endereçamento",
	
	"answer": "2",
	"explanation": "Por exclusão, sabemos que a arquitetura CISC possui muitos modos de endereçamento. Uma arquitetura que exige uma grande demanda de ciclos é o fator que torna difícil a implementação de várias tarefas ao mesmo tempo (conceito do pipeline). Por isso, sabendo que RISC possui instruções mais simples, a resposta certa para este enunciado é a CISC."
}