{
	"question": 
	"Que tipo de dependências a condição da etapa Issue do algoritmo de Scoreboard busca solucionar?",
	"option1": "As dependências física e WAW (Write After Write)",
	"option2": "As antidependências",
	"option3": "As dependências de controle",
	"option4": "As dependências WAW (Write After Write) e RAW (Read After Write)",
	
	"answer": "1",
	"imagem": "imagens/11-scoreboard.png",
	"explanation": "'Not Busy [FU]' previne as dependências físicas, e 'Not Result [D]' previne a dependência WAW"
}
