{
	"question": 
	"Considere o código abaixo:\nI0: div $t2, $t5, $t8\nI1: sub $t9, $t2, $t7\nI2: sll $t5, $a0, 2\nI3: mul $a1, $t9, $t5\nI4: beq $t2, $a1, 100\nI5: or $t8, $t5, $t2\nPara cada um dos registradores abaixo, qual opção lista todas as dependências verdadeiras relativas a ele?",
	"option1": "$a0\nI3 -> I4\nI2 -> I4",
	"option2": "$t2\nI0 -> I1\nI0 -> I4",
	"option3": "$t5\nI2 -> I3\nI2 -> I5",
	"option4": "$t9\nI1 -> I3\nI3 -> I4",
	
	"answer": "3",
	"explanation": "Na primeira opção, não existe a dependência ($a0)I2 -> I4\nNa segunda opção, falta a dependência ($t2)I0 -> I5\nA terceira opção é a correta! Ela lista todas as dependências verdadeiras relativas a esse registrador.\nE, na última, não existe a dependência ($t9)I3 -> I4"
}