{
	"question": 
	"Ainda considerando o mesmo código\nI0: div $t2, $t5, $t8\nI1: sub $t9, $t2, $t7\nI2: sll $t5, $a0, 2\nI3: mul $a1, $t9, $t5\nI4: beq $t2, $a1, 100\nI5: or $t8, $t5, $t2\nAs dependências abaixo são de que tipo?\n($t5) I0 -> I2 \n($t8) I0 -> I5",
	"option1": "A primeira é uma dependência de saída (WAW) e a segunda é uma antidependência (WAR)",
	"option2": "A primeira é uma antidependência (WAR) e a segunda é uma dependência de saída (WAW)",
	"option3": "Ambas são dependências de saída (WAW)",
	"option4": "Ambas são antidependências (WAR)",
	
	"answer": "4",
	"explanation" : "As antidependências, também conhecidas como dependências do tipo Write After Read (WAR), são aquelas em que uma instrução escreve em um registrador após uma outra ter lido desse mesmo registrador. Assim, essas duas instruções são antidependências!"
}