{
	"question": 
	"Qual destes códigos em Assembly apresenta uma dependência de controle?",
	"option1": "36 sub $10, $4, $8\n40 beq $1, $3, 7\n44 and $12, $2, $5\n48 or $13, $2, $6\n52 add $14, $4, $2\n56 slt $15, $6, $7\n. . .\n72 lw $4, 50($7)",
	"option2": "24 lw $s2, 0($s1)\n28 lw $s1, 40($s6)\n32 sub $s6, $s1, $s2\n36 add $s6, $s2, $s2\n40 or $s3, $s6, $zero\n44 sw $s6, 50($s1)",
	"option3": "0 lw $t1, 0 ($t0)\n4 lw $t2, 4 ($t0)\n8 add $t3, $t1, $t2\n12 sw $t3, 12($t0)\n16 lw $t4, 8 ($t0)\n20 add $t5, $t1, $t4\n24 sw $t5, 16($t0)",
	"option4": "lw $2, 100($4)\naddi $2, $2, 4\nlw $3, 100($4)\naddi $3, $3, 4\nadd $5, $2, $3\nsw $5, 200($4)\naddi $4, $4, 4",
	
	"answer": "1",
	"explanation": "As dependências de controle acontecem quando a próxima instrução não está no endereço subsequente ao da instrução anterior. As instruções que causam essa mudança de endereço são de desvio, como  o beq $1, $3, 7 na opção 1."
}