{
	"question": 
	"As dependências de controle são causadas por instruções que alteram o(a):",
	"option1": "Sinal do MUX",
	"option2": "PC",
	"option3": "Conteúdo dos registradores",
	"option4": "ULA",
	
	"answer": "2",
	"explanation": "O PC (Program Counter) aponta para onde está a próxima instrução a ser executada, geralmente ele soma 4 e vai para a instrução seguinte do código. No entanto, quando há uma dependência de controle, a instrução do tipo branch pode fazer com que haja um desvio e o PC aponte para outro lugar do código."
}