{
	"question": 
	"Qual a ordem de unidades utilizadas no pipeline:",
	"option1": "Memória de Instruções => Banco de Registradores => ULA => Memória de Dados => Banco de Registradores",
	"option2": "Memória de Dados => Banco de Registradores => ULA => Memória de Instruções => Banco de Registradores",
	"option3": "Banco de Registradores => Memória de Dados => ULA => Memória de Instruções => Banco de Registradores",
	"option4": "Memória de Instruções => Banco de Registradores => ULA => Banco de Registradores => Memória de Dados",
	
	"answer": "1",
	"explanation": "Inicialmente se pesquisa pela instrução a ser executada por meio da Memória de Instruções. Em seguida, busca-se os registradores a serem usados no Banco de Registradores. A ULA é o próximo estágio. Nela, serão executadas operações aritmétcas relacionadas à instrução. Algumas operações irão escrever ou ler dados vindos da memória. Por isso, o Banco de Dados vem logo em seguida. Dependendo da operação, haverá a necessidade de armazenar os dados em um registrador, usando como estágio final o Banco de Registradores novamente."
}
